{
  "branch_fanout": 4,
  "branch_join_wait": 20.284826517105103,
  "critical_path_length": 67.94538378715515,
  "first_success_branch": "b2",
  "llm_duration": 8.141428470611572,
  "repeated_prefill_on_critical_path": 22971,
  "success_critical_path": 47.66055727005005,
  "tool_blocked_duration": 212.07032942771912,
  "wasted_sibling_work_after_first_success": 16250
}