{
  "branch_fanout": 8,
  "branch_join_wait": 4.30940842628479,
  "critical_path_length": 15.507542371749878,
  "first_success_branch": "b0",
  "llm_duration": 16.486069440841675,
  "repeated_prefill_on_critical_path": 48051,
  "success_critical_path": 11.198133945465088,
  "tool_blocked_duration": 80.18151354789734,
  "wasted_sibling_work_after_first_success": 16183
}