{
  "branch_fanout": 4,
  "branch_join_wait": 1.3362152576446533,
  "critical_path_length": 15.143598079681396,
  "first_success_branch": "b2",
  "llm_duration": 11.14512300491333,
  "repeated_prefill_on_critical_path": 51643,
  "success_critical_path": 13.807382822036743,
  "tool_blocked_duration": 43.24887466430664,
  "wasted_sibling_work_after_first_success": 9547
}