run_id,scenario,instance_id,policy,mesh_rows,mesh_cols,branch_fanout,jct,time_to_first_success,success_any,prefill_tokens,prefill_tokens_avoided,kv_hit_tokens,kv_miss_tokens,noc_bytes,avg_hops,hotspot_ratio,region_utilization,tool_blocked_region_time,blocked_compute_time_avoided,state_migration_exposed_latency,branch_wasted_tokens,safe_cancellation_savings,hot_count,warm_count,cold_count,resume_prefill_tokens,p50,p95,p99
h100calib_pr2_v2_1,AGGREGATE,AGGREGATE,acd_bes,4,4,4.4,101.9685747243044,96.79337727458432,True,109188,89494,89494,109188,5131943936.0,1.0166666666666666,2.240439093484419,0.27413581754198535,0.0,1115.2085476097354,0.0,170068,0,0,0,0,19694,20.5648696911307,316.34085798258116,365.02974008085243
h100calib_pr2_v2_1,AGGREGATE,AGGREGATE,acd_nisp,4,4,4.4,101.94558198299794,96.79055892462766,True,103680,101644,101644,103680,5131943936.0,1.0166666666666666,2.240439093484419,0.2735094904720906,0.0,1115.2085476097354,0.0,170068,0,18,4,0,14186,20.529869004339815,316.3485293374594,365.04652373967724
h100calib_pr2_v2_1,AGGREGATE,AGGREGATE,acd_only,4,4,4.4,101.9685747243044,96.79337727458432,True,109188,89494,89494,109188,5131943936.0,1.0166666666666666,2.240439093484419,0.27413581754198535,0.0,1115.2085476097354,0.0,170068,0,0,0,0,19694,20.5648696911307,316.34085798258116,365.02974008085243
h100calib_pr2_v2_1,AGGREGATE,AGGREGATE,full_agentweaver,4,4,4.4,101.0401084858373,96.79055892462766,True,99498,78665,78665,99498,3938902016.0,1.0944444444444446,2.549481812639707,0.3150412802626571,0.0,1115.2085476097354,0.0,111864,58204,18,4,0,14186,19.561869941103488,315.90218799597125,364.9572554713796
h100calib_pr2_v2_1,AGGREGATE,AGGREGATE,naive_wafer,4,4,4.4,102.12462711978371,96.94959672767432,True,198682,0,0,198682,0.0,0.0,1.0,0.27832821176612543,0.0,1115.2085476097354,0.0,170068,0,0,0,0,109188,20.73503540776818,316.4090311568613,365.0774571083615
h100calib_pr2_v2_1,AGGREGATE,AGGREGATE,static_branch_pinning,4,4,4.4,102.12462711978371,96.94959672767432,True,198682,0,0,198682,0.0,0.0,1.0,0.27832821176612543,1115.2085476097354,0.0,0.0,170068,0,0,0,0,109188,20.73503540776818,316.4090311568613,365.0774571083615
h100calib_pr2_v2_1,AGGREGATE,AGGREGATE,wafer_fcfs,4,4,4.4,102.12462711978371,96.94959672767432,True,198682,0,0,198682,0.0,0.0,1.0,0.27832821176612543,0.0,1115.2085476097354,0.0,170068,0,0,0,0,109188,20.73503540776818,316.4090311568613,365.0774571083615
