run_id,scenario,instance_id,policy,mesh_rows,mesh_cols,branch_fanout,jct,time_to_first_success,success_any,prefill_tokens,prefill_tokens_avoided,kv_hit_tokens,kv_miss_tokens,noc_bytes,avg_hops,hotspot_ratio,region_utilization,tool_blocked_region_time,blocked_compute_time_avoided,state_migration_exposed_latency,branch_wasted_tokens,safe_cancellation_savings,hot_count,warm_count,cold_count,resume_prefill_tokens,p50,p95,p99
pr1_final,AGGREGATE,AGGREGATE,acd_bes,4,4,4.4,96.65029831882086,91.45373093428255,True,109188,89494,89494,109188,5131943936.0,1.0166666666666666,2.240439093484419,0.10215434314721998,0.0,1115.2085476097354,0.0,170068,0,0,0,0,19694,15.245995824819637,310.8510983143779,359.4820461299062
pr1_final,AGGREGATE,AGGREGATE,acd_nisp,4,4,4.4,96.58778431882087,91.43722493428255,True,102150,102550,102550,102150,5131943936.0,1.0166666666666666,2.240439093484419,0.09903393057036959,0.0,1115.2085476097354,0.0,170068,0,18,2,2,14834,15.164365824819637,310.8334403143779,359.47851452990625
pr1_final,AGGREGATE,AGGREGATE,acd_only,4,4,4.4,96.65029831882086,91.45373093428255,True,109188,89494,89494,109188,5131943936.0,1.0166666666666666,2.240439093484419,0.10215434314721998,0.0,1115.2085476097354,0.0,170068,0,0,0,0,19694,15.245995824819637,310.8510983143779,359.4820461299062
pr1_final,AGGREGATE,AGGREGATE,full_agentweaver,4,4,4.4,96.27035000558566,91.43722493428255,True,97295,65092,65092,97295,3226804224.0,1.0811111111111111,2.5557139947036056,0.13839623932565676,0.0,1115.2085476097354,0.0,122591,47477,18,2,2,14834,14.654428136435637,310.7365004967011,359.4591265663709
pr1_final,AGGREGATE,AGGREGATE,naive_wafer,4,4,4.4,96.98770719853925,91.79113961400094,True,198682,0,0,198682,0.0,0.0,1.0,0.11859765543316732,0.0,1115.2085476097354,0.0,170068,0,0,0,0,109188,15.620246216435637,311.0043046346083,359.59104343585955
pr1_final,AGGREGATE,AGGREGATE,static_branch_pinning,4,4,4.4,96.98770719853925,91.79113961400094,True,198682,0,0,198682,0.0,0.0,1.0,0.11859765543316732,1115.2085476097354,0.0,0.0,170068,0,0,0,0,109188,15.620246216435637,311.0043046346083,359.59104343585955
pr1_final,AGGREGATE,AGGREGATE,wafer_fcfs,4,4,4.4,96.98770719853925,91.79113961400094,True,198682,0,0,198682,0.0,0.0,1.0,0.11859765543316732,0.0,1115.2085476097354,0.0,170068,0,0,0,0,109188,15.620246216435637,311.0043046346083,359.59104343585955
