mechanism,policy_source,model_side_latency,prefill_compute_time,resume_prefill_tokens,cache_hit_tokens,remote_kv_bytes,tool_latency_hidden,mean_jct,p95_jct,throughput,region_utilization,memory_occupancy,wasted_speculative_work,safety_violations,incremental_p95_gain_from_previous
GPU-like reactive baseline,reactive_admission,76.89010576732873,836.0593894280862,0.0,0.0,286211036381.1025,0.0,76.89010576732873,134.4730632066803,0.13042464351161173,0.609403428400009,12814702736.684578,0.0,0.0,0.0
naive wafer,taps_domain_v4_fixed,71.0112163524861,836.0593894280862,0.0,0.0,62221271040.0,0.0,71.0112163524861,153.64467158043314,0.1308008234752483,0.6131575528064892,12815588016.7801,0.0,0.0,-0.14256839188891499
+ ACD,acd_nisp,76.89010576732873,690.4924563495424,29825.85714285714,3516719.5714285714,500836728832.0,0.0,76.89010576732873,134.4730632066803,0.13042464351161173,0.609403428400009,12814702736.684578,0.0,0.0,0.12477886916967684
+ ACD + NISP,acd_nisp,76.89010576732873,690.4924563495424,29825.85714285714,3516719.5714285714,500836728832.0,0.0,76.89010576732873,134.4730632066803,0.13042464351161173,0.609403428400009,12814702736.684578,0.0,0.0,0.0
+ ACD + NISP + TAPS-C,TAPS-C-v3,70.95519352668724,690.3205745568047,25388.14285714286,3521157.285714286,62221271040.0,0.0,70.95519352668724,125.74980375780771,0.14502208510274894,0.6673059074817682,12813812578.069653,0.0,0.0,0.06486993930870198
+ ACD + NISP + STP-AE,TAPS-C-v3 + STP-AE-top3,69.90253741278829,690.4924563495424,25388.14285714286,3521157.285714286,62221271040.0,0.7569680213928223,70.65950543418111,125.74980375780771,0.14502208510274894,0.6673059074817682,12813812578.069653,0.01475390245926439,0.0,0.0
full AgentWeaver,full AgentWeaver,69.90253741278829,690.3205745568047,25388.14285714286,3521157.285714286,62221271040.0,0.7569680213928223,70.65950543418111,125.74980375780771,0.14502208510274894,0.6673059074817682,12813812578.069653,0.01475390245926439,0.0,0.0
