regime,configs,best_mechanism,p95_gain,mean_gain,throughput_gain,remote_reduction,stp_ae_hit_rate,wasted_work
tool-heavy,174,TAPS-C selection,0.0077544103186878485,0.019971925836366314,-0.001565435450939814,-0.013710298739263445,0.031578947368421054,2.6800000000000015
model-heavy,14,reactive/best-fixed,0.003039011980768908,0.028556044770577892,0.0015600859622616522,-0.010424065100339443,0.031578947368421054,2.6800000000000015
context-heavy,81,reactive/best-fixed,0.00020374077588131335,0.004108611817654239,-0.00039394857189567527,-0.0011837904117816677,0.031578947368421054,2.6800000000000015
high-concurrency,102,reactive/best-fixed,7.406356181768886e-05,0.004121736865538842,-0.00046256670574607034,-0.003246640684382321,0.031578947368421054,2.6800000000000015
high-region-pressure,147,TAPS-C selection,0.014506246969538644,0.03763407119790424,-0.0026808211162848267,-0.010128155215166655,0.031578947368421054,2.6800000000000015
bursty arrival,110,reactive/best-fixed,0.004823485480277581,0.019872068649866882,0.0009314730685620875,-0.005917623684623761,0.031578947368421054,2.6800000000000015
low-memory,162,TAPS-C selection,0.006988216464593433,0.018859478190915293,-0.002083767175399923,-0.009072699332011196,0.031578947368421054,2.6800000000000015
high-memory,79,reactive/best-fixed,0.0070260420837049515,0.019668751445001874,-0.000775335683806148,-0.01878452203302036,0.031578947368421054,2.6800000000000015
