segment_type,total_tokens,repeated_context_tokens,event_count,tool_time_share,llm_time_share,branch_skew,context_reuse_opportunity,tool_stall_resume_opportunity
system,58101.0,52681.0,466.0,0.6049524770647069,0.39504752293529316,1.0,0.9067141701519768,0.6049524770647069
repo,1657475.0,1397859.0,3197.0,0.6049524770647069,0.39504752293529316,1.0,0.8433665666148811,0.6049524770647069
history,358075.0,288274.0,1779.0,0.6049524770647069,0.39504752293529316,1.0,0.8050659777979473,0.6049524770647069
patch,18867.0,16338.0,9.0,0.6049524770647069,0.39504752293529316,1.0,0.8659564318651614,0.6049524770647069
test_log,178.0,89.0,2.0,0.6049524770647069,0.39504752293529316,1.0,0.5,0.6049524770647069
