policy,cache_hit_tokens,local_context_bytes,remote_context_bytes,remote_kv_reduction,compute_reduction
acd_only,3516719.5714285714,108470165504.0,93192601600.0,0.7363416610411705,0.17580850656185856
nisp_only,330501010.0,1353732136960.0,286211036381.1025,0.9667102483914656,0.0
acd_nisp,334017729.5714286,1462202302464.0,93192601600.0,0.5361216211427718,0.17562167234131282
acd_nisp_taps_c,334017729.5714286,1462202302464.0,38333145088.0,0.7363416610411705,0.17580850656185856
full_agentweaver,334017729.5714286,1462202302464.0,38333145088.0,0.7363416610411705,0.17580850656185856
