policy,simulated_jct,prefill_tokens,prefill_tokens_avoided,kv_hit_tokens,kv_miss_tokens,evictions,cache_occupancy,resume_recompute_tokens,tool_resume_delay
GPU-LRU,1271.8661916310389,68839,129843,129843,68839,0,3947503616,0,0
GPU-KVFlow-like,1271.8661916310389,68839,129843,129843,68839,0,3947503616,0,0
GPU-Continuum-like,1273.8616402419154,117984,80698,80698,117984,0,3947503616,0,0
