instance_id,policy,mesh,rollouts,jct,time_to_first_success,success_any,prefill_tokens,prefill_tokens_avoided,kv_hit_tokens,kv_miss_tokens,noc_bytes,avg_hops,hotspot_ratio,region_utilization,tool_blocked_region_time,state_migration_exposed_latency,branch_wasted_tokens,safe_cancellation_savings,hot_count,warm_count,cold_count,migration_bytes,exposed_migration_latency,state_parking_hit_rate,p50,p95,p99
synthetic_0000,naive_wafer,4x4,4,18.000682176630914,18.000682176630914,True,16600,0,0,16600,0.0,0.0,1.0,0.2011266971336147,52.487701318855066,0.0,0,0,0,0,0,0,0.0,0.0,,,
synthetic_0001,naive_wafer,4x4,4,15.705289513838744,15.705289513838744,True,16600,0,0,16600,0.0,0.0,1.0,0.1953189600588729,43.652185135270614,0.0,0,0,0,0,0,0,0.0,0.0,,,
synthetic_0002,naive_wafer,4x4,4,13.933326253890991,8.72481204032898,True,16600,0,0,16600,0.0,0.0,1.0,0.1849505957416719,35.84020195606488,0.0,9313,0,0,0,0,0,0.0,0.0,,,
synthetic_0003,naive_wafer,4x4,4,17.189234981536867,17.189234981536867,True,16600,0,0,16600,0.0,0.0,1.0,0.2002172398748575,49.569471092421736,0.0,0,0,0,0,0,0,0.0,0.0,,,
synthetic_0004,naive_wafer,4x4,4,19.148737440109254,19.148737440109254,True,16600,0,0,16600,0.0,0.0,1.0,0.19396799066618012,54.03564084575392,0.0,0,0,0,0,0,0,0.0,0.0,,,
AGGREGATE,naive_wafer,4x4,4.0,16.795454073201352,15.75375123048895,True,83000,0,0,83000,0.0,0.0,1.0,0.19511629669503944,235.58520034836621,0.0,9313,0,,,,,,,17.189234981536867,18.919126387413584,19.10281522957012
