run_id,scenario,instance_id,policy,mesh_rows,mesh_cols,branch_fanout,jct,time_to_first_success,success_any,prefill_tokens,prefill_tokens_avoided,kv_hit_tokens,kv_miss_tokens,noc_bytes,avg_hops,hotspot_ratio,region_utilization,tool_blocked_region_time,blocked_compute_time_avoided,state_migration_exposed_latency,branch_wasted_tokens,safe_cancellation_savings,hot_count,warm_count,cold_count,resume_prefill_tokens,p50,p95,p99,link_bandwidth_TBps
synthetic,AGGREGATE,AGGREGATE,full_agentweaver,4,4,4.4,96.27042494272487,91.38856829512734,True,94556,67831,67831,94556,3226804224.0,1.0811111111111111,2.5557139947036056,0.13757506688705692,0.0,1115.2085476097354,0.0,122591,47477,20,0,2,9356,14.654428136435637,310.7366503709795,359.459306415505,0.25
synthetic,AGGREGATE,AGGREGATE,full_agentweaver,4,4,4.4,96.27037498463207,91.38813805456415,True,94556,67831,67831,94556,3226804224.0,1.0811111111111111,2.5557139947036056,0.13755533144196025,0.0,1115.2085476097354,0.0,122591,47477,20,0,2,9356,14.654428136435637,310.7365504547939,359.4591865160823,0.5
synthetic,AGGREGATE,AGGREGATE,full_agentweaver,4,4,4.4,96.27035000558566,91.38792293428256,True,94556,67831,67831,94556,3226804224.0,1.0811111111111111,2.5557139947036056,0.1375454629836401,0.0,1115.2085476097354,0.0,122591,47477,20,0,2,9356,14.654428136435637,310.7365004967011,359.4591265663709,1
synthetic,AGGREGATE,AGGREGATE,full_agentweaver,4,4,4.4,96.27033751606247,91.38781537414175,True,94556,67831,67831,94556,3226804224.0,1.0811111111111111,2.5557139947036056,0.13754052857051718,0.0,1115.2085476097354,0.0,122591,47477,20,0,2,9356,14.654428136435637,310.7364755176547,359.4590965915153,2
synthetic,AGGREGATE,AGGREGATE,full_agentweaver,4,4,4.4,96.27033127130086,91.38776159407135,True,94556,67831,67831,94556,3226804224.0,1.0811111111111111,2.5557139947036056,0.1375380613179625,0.0,1115.2085476097354,0.0,122591,47477,20,0,2,9356,14.654428136435637,310.7364630281315,359.45908160408743,4
synthetic,AGGREGATE,AGGREGATE,full_agentweaver,4,4,4.4,96.27032814892007,91.38773470403615,True,94556,67831,67831,94556,3226804224.0,1.0811111111111111,2.5557139947036056,0.13753682768018657,0.0,1115.2085476097354,0.0,122591,47477,20,0,2,9356,14.654428136435637,310.7364567833699,359.4590741103735,8
