run_id,scenario,instance_id,policy,mesh_rows,mesh_cols,branch_fanout,jct,time_to_first_success,success_any,prefill_tokens,prefill_tokens_avoided,kv_hit_tokens,kv_miss_tokens,noc_bytes,avg_hops,hotspot_ratio,region_utilization,tool_blocked_region_time,blocked_compute_time_avoided,state_migration_exposed_latency,branch_wasted_tokens,safe_cancellation_savings,hot_count,warm_count,cold_count,resume_prefill_tokens,p50,p95,p99,mesh
synthetic,AGGREGATE,AGGREGATE,full_agentweaver,4,4,4.4,96.27035000558566,91.38792293428256,True,94556,67831,67831,94556,3226804224.0,1.0811111111111111,2.5557139947036056,0.1375454629836401,0.0,1115.2085476097354,0.0,122591,47477,20,0,2,9356,14.654428136435637,310.7365004967011,359.4591265663709,4x4
synthetic,AGGREGATE,AGGREGATE,full_agentweaver,6,6,4.4,96.27035040558566,91.38792393428255,True,94556,67831,67831,94556,3226804224.0,1.1911111111111112,2.7666572157641056,0.1375454709486578,0.0,1115.2085476097354,0.0,122591,47477,20,0,2,9356,14.654428136435637,310.7365008967011,359.45912704637095,6x6
synthetic,AGGREGATE,AGGREGATE,full_agentweaver,8,8,4.4,96.27035020558566,91.38792423428255,True,94556,67831,67831,94556,3226804224.0,1.367777777777778,2.900962861072902,0.137545491376927,0.0,1115.2085476097354,0.0,122591,47477,20,0,2,9356,14.654428136435637,310.7365000967011,359.45912608637093,8x8
