total_sessions,active_session_limit,effective_regions,arrival_pattern,memory_budget_gb,policy,throughput,mean_jct,p50_jct,p95_jct,p99_jct,ready_queue_wait,ready_queue_empty_time,region_utilization,blocked_session_fraction,domain_cache_hit_rate,remote_kv_bytes,avg_context_hops,domain_switches,memory_occupancy,eviction_count,evicted_tokens,recompute_tokens,cache_hit_tokens,completed_sessions,admission_count,starvation_count,predictor_median_abs_error,predictor_p95_abs_error,slo_target,split,taps_u_p95_gain_over_reactive,taps_u_p95_gain_over_acd_nisp,taps_u_throughput_gain_over_reactive,taps_u_ready_wait_gain_over_reactive,taps_u_region_util_gain_over_reactive,strongest_baseline_p95,strongest_baseline_throughput,taps_u_p95_gain_over_strongest,taps_u_throughput_gain_over_strongest
64,16,4,bursty,32,reactive_admission,0.15319006699874793,50.73981225992789,39.969592769944015,62.96647206242605,272.5668245892936,1400.9653929496599,222.35981586729918,0.4830434412232697,0.15545737497314563,0.9906662105782533,206220263424.0,1.0,540,9214607360,0,0,30097,3194424,64,64,0,0.04426381587982181,5.348147439956666,25.71378762722015,validation,0.11766193664335896,0.11766193664335896,0.025145017320554307,0.05545590408535326,0.011787043735797587,62.96647206242605,0.15319006699874793,0.11766193664335896,0.025145017320554307
64,16,4,bursty,32,acd_nisp,0.15319006699874793,50.73981225992789,39.969592769944015,62.96647206242605,272.5668245892936,1400.9653929496599,222.35981586729918,0.4830434412232697,0.15545737497314563,0.9906662105782533,206220263424.0,1.0,540,9214607360,0,0,30097,3194424,64,64,0,0.04426381587982181,5.348147439956666,25.71378762722015,validation,0.11766193664335896,0.11766193664335896,0.025145017320554307,0.05545590408535326,0.011787043735797587,62.96647206242605,0.15319006699874793,0.11766193664335896,0.025145017320554307
64,16,4,bursty,32,taps_unified,0.15704203388676832,49.51673145554217,38.81679369380235,55.557715015961044,276.0850701645391,1323.2735904913443,213.49242780093846,0.4948304849590673,0.15936635335945334,0.9938654454413539,208432136192.0,1.0,559,9214607360,0,0,19781,3204740,64,64,0,0.04426381587982181,5.348147439956666,25.71378762722015,validation,0.11766193664335896,0.11766193664335896,0.025145017320554307,0.05545590408535326,0.011787043735797587,62.96647206242605,0.15319006699874793,0.11766193664335896,0.025145017320554307
