{
  "config": {
    "lambda_n": 0,
    "lambda_s": 0,
    "memory_budget_bytes": 68719476736.0,
    "noc_budget_bytes": 137438953472.0,
    "prefetch_window": 5.0,
    "tau": 1,
    "w_a": 0.01,
    "w_c": 0,
    "w_l": 0,
    "w_r": 0,
    "w_s": 0
  },
  "train": {
    "completed_sessions": 48,
    "expected_sessions": 48,
    "mean_gain_vs_acd_nisp": 0.0001578533953829897,
    "mean_jct": 49.16542459034032,
    "mean_ratio_vs_acd_nisp": 0.999842146604617,
    "no_starvation": true,
    "objective": 1.0998986176026422,
    "p95_gain_vs_acd_nisp": 8.559705781951976e-05,
    "p95_jct": 88.96989632149109,
    "p95_ratio_vs_acd_nisp": 0.9999144029421805,
    "rows": [
      {
        "arrival_pattern": "bursty",
        "completed_sessions": 16,
        "effective_regions": 4,
        "exposed_state_migration_latency": 3.8846411103600547,
        "mean_jct": 36.55026695650969,
        "model_side_latency": 130.13716134759605,
        "p50_jct": 27.63173171747784,
        "p95_jct": 72.03484096696997,
        "p99_jct": 119.58426400808678,
        "policy": "taps_v3",
        "predictor_by_command_error": "{\"build\": {\"median_abs_error\": 3.5863175630569444, \"n\": 15.0, \"p95_abs_error\": 14.616072511672973}, \"file_read\": {\"median_abs_error\": 0.03998720645904541, \"n\": 77.0, \"p95_abs_error\": 0.09328513145446776}, \"file_write\": {\"median_abs_error\": 0.011874151229858354, \"n\": 10.0, \"p95_abs_error\": 0.04370710849761961}, \"git\": {\"median_abs_error\": 0.33729650974273684, \"n\": 3.0, \"p95_abs_error\": 0.49988133907318116}, \"search\": {\"median_abs_error\": 0.1338159561157226, \"n\": 26.0, \"p95_abs_error\": 4.962636923789978}, \"shell_other\": {\"median_abs_error\": 0.03169872760772707, \"n\": 64.0, \"p95_abs_error\": 0.17615985870361328}, \"test\": {\"median_abs_error\": 0.9808136701583863, \"n\": 2.0, \"p95_abs_error\": 0.9808136701583863}}",
        "predictor_median_abs_error": 0.04405984878540037,
        "predictor_p95_abs_error": 3.5863175630569444,
        "prefetch_hit_rate": 0.04964539007092199,
        "prefill_tokens_avoided": 580862,
        "ready_queue_wait": 261.93735074025017,
        "region_utilization": 0.2474624591544527,
        "resume_latency": 0.0,
        "resume_prefill_tokens": 70124,
        "run_id": "pr4_algo_v3_autotune_train",
        "sessions": 16,
        "state_prefetch_bytes": 1606893568,
        "throughput_sessions_per_sec": 0.12169926884744925,
        "tool_blocked_compute_waste": 0.0,
        "tool_time": 192.7297592163086
      },
      {
        "arrival_pattern": "bursty",
        "completed_sessions": 32,
        "effective_regions": 4,
        "exposed_state_migration_latency": 8.059457346327356,
        "mean_jct": 61.780582224170956,
        "model_side_latency": 264.85249813020783,
        "p50_jct": 55.2845817437895,
        "p95_jct": 105.90495167601222,
        "p99_jct": 147.94351719824334,
        "policy": "taps_v3",
        "predictor_by_command_error": "{\"build\": {\"median_abs_error\": 3.5863175630569444, \"n\": 15.0, \"p95_abs_error\": 14.616072511672973}, \"file_read\": {\"median_abs_error\": 0.03998720645904541, \"n\": 77.0, \"p95_abs_error\": 0.09328513145446776}, \"file_write\": {\"median_abs_error\": 0.011874151229858354, \"n\": 10.0, \"p95_abs_error\": 0.04370710849761961}, \"git\": {\"median_abs_error\": 0.33729650974273684, \"n\": 3.0, \"p95_abs_error\": 0.49988133907318116}, \"search\": {\"median_abs_error\": 0.1338159561157226, \"n\": 26.0, \"p95_abs_error\": 4.962636923789978}, \"shell_other\": {\"median_abs_error\": 0.03169872760772707, \"n\": 64.0, \"p95_abs_error\": 0.17615985870361328}, \"test\": {\"median_abs_error\": 0.9808136701583863, \"n\": 2.0, \"p95_abs_error\": 0.9808136701583863}}",
        "predictor_median_abs_error": 0.04405984878540037,
        "predictor_p95_abs_error": 3.5863175630569444,
        "prefetch_hit_rate": 0.02456140350877193,
        "prefill_tokens_avoided": 1258863,
        "ready_queue_wait": 1342.9106577224477,
        "region_utilization": 0.4318860320419335,
        "resume_latency": 0.0,
        "resume_prefill_tokens": 148877,
        "run_id": "pr4_algo_v3_autotune_train",
        "sessions": 32,
        "state_prefetch_bytes": 1956978688,
        "throughput_sessions_per_sec": 0.20872528102109808,
        "tool_blocked_compute_waste": 0.0,
        "tool_time": 369.21547532081604
      }
    ]
  },
  "validation": {
    "completed_sessions": 48,
    "expected_sessions": 48,
    "mean_gain_vs_acd_nisp": 0.0016067339271605974,
    "mean_jct": 61.39069077377679,
    "mean_ratio_vs_acd_nisp": 0.9983932660728394,
    "no_starvation": true,
    "objective": 1.1000017029934428,
    "p95_gain_vs_acd_nisp": -0.00016237638615890226,
    "p95_jct": 158.2028877076523,
    "p95_ratio_vs_acd_nisp": 1.000162376386159,
    "rows": [
      {
        "arrival_pattern": "bursty",
        "completed_sessions": 16,
        "effective_regions": 4,
        "exposed_state_migration_latency": 3.7899107468069797,
        "mean_jct": 48.15257994559698,
        "model_side_latency": 134.0487354370039,
        "p50_jct": 29.93187922217973,
        "p95_jct": 130.78688042396868,
        "p99_jct": 234.55980812191365,
        "policy": "taps_v3",
        "predictor_by_command_error": "{\"build\": {\"median_abs_error\": 2.5599091053009033, \"n\": 9.0, \"p95_abs_error\": 20.521710872650146}, \"file_read\": {\"median_abs_error\": 0.04599814414978029, \"n\": 45.0, \"p95_abs_error\": 0.15422592163085938}, \"file_write\": {\"median_abs_error\": 0.018987989425659185, \"n\": 26.0, \"p95_abs_error\": 0.08239614963531494}, \"git\": {\"median_abs_error\": 0.22874634265899657, \"n\": 3.0, \"p95_abs_error\": 0.3027616500854492}, \"search\": {\"median_abs_error\": 0.08994283676147463, \"n\": 45.0, \"p95_abs_error\": 59.66884548664093}, \"shell_other\": {\"median_abs_error\": 0.043830323219299305, \"n\": 56.0, \"p95_abs_error\": 4.3814393997192385}, \"test\": {\"median_abs_error\": 1.7813390970230105, \"n\": 10.0, \"p95_abs_error\": 3.968410086631774}}",
        "predictor_median_abs_error": 0.04994940757751465,
        "predictor_p95_abs_error": 13.546603751182555,
        "prefetch_hit_rate": 0.07913669064748201,
        "prefill_tokens_avoided": 635101,
        "ready_queue_wait": 237.66557182784743,
        "region_utilization": 0.12787832978399938,
        "resume_latency": 0.0,
        "resume_prefill_tokens": 67507,
        "run_id": "pr4_algo_v3_autotune_validation",
        "sessions": 16,
        "state_prefetch_bytes": 3907993600,
        "throughput_sessions_per_sec": 0.06105401203148332,
        "tool_blocked_compute_waste": 0.0,
        "tool_time": 398.7269718647003
      },
      {
        "arrival_pattern": "bursty",
        "completed_sessions": 32,
        "effective_regions": 4,
        "exposed_state_migration_latency": 7.978969832138555,
        "mean_jct": 74.6288016019566,
        "model_side_latency": 268.461063336272,
        "p50_jct": 58.46951464041856,
        "p95_jct": 185.61889499133594,
        "p99_jct": 273.943706737555,
        "policy": "taps_v3",
        "predictor_by_command_error": "{\"build\": {\"median_abs_error\": 2.5599091053009033, \"n\": 9.0, \"p95_abs_error\": 20.521710872650146}, \"file_read\": {\"median_abs_error\": 0.04599814414978029, \"n\": 45.0, \"p95_abs_error\": 0.15422592163085938}, \"file_write\": {\"median_abs_error\": 0.018987989425659185, \"n\": 26.0, \"p95_abs_error\": 0.08239614963531494}, \"git\": {\"median_abs_error\": 0.22874634265899657, \"n\": 3.0, \"p95_abs_error\": 0.3027616500854492}, \"search\": {\"median_abs_error\": 0.08994283676147463, \"n\": 45.0, \"p95_abs_error\": 59.66884548664093}, \"shell_other\": {\"median_abs_error\": 0.043830323219299305, \"n\": 56.0, \"p95_abs_error\": 4.3814393997192385}, \"test\": {\"median_abs_error\": 1.7813390970230105, \"n\": 10.0, \"p95_abs_error\": 3.968410086631774}}",
        "predictor_median_abs_error": 0.04994940757751465,