{
  "best_config": {
    "admission_domain": 1.0,
    "admission_llm": 0.5,
    "admission_mem": 0.5,
    "admission_stall": 1.0,
    "admission_tail": 1.0,
    "admission_tool_penalty": 0.5,
    "memory_pressure_threshold": 0.85,
    "ready_depth_factor": 1,
    "slo_target": null,
    "w_age": 0.05,
    "w_batch": 0,
    "w_domain": 1,
    "w_mem": 0.5,
    "w_remote": 0.1,
    "w_resume": 0.5,
    "w_short": 1,
    "w_switch": 0.1,
    "w_tail": 4.0
  },
  "best_train_row": {
    "active_session_limit": 16,
    "admission_count": 64,
    "arrival_pattern": "bursty",
    "avg_context_hops": 1.0,
    "blocked_session_fraction": 0.19543148580176445,
    "cache_hit_tokens": 2791922,
    "completed_sessions": 64,
    "domain_cache_hit_rate": 0.9947290712704813,
    "domain_switches": 531,
    "effective_regions": 4,
    "evicted_tokens": 0,
    "eviction_count": 0,
    "mean_jct": 46.61904094229148,
    "memory_budget_gb": 32,
    "memory_occupancy": 7345307648,
    "p50_jct": 44.02087245651213,
    "p95_jct": 83.79366718422743,
    "p99_jct": 163.25376619034165,
    "policy": "taps_unified",
    "predictor_median_abs_error": 0.05547451972961426,
    "predictor_p95_abs_error": 3.5863175630569444,
    "ready_queue_empty_time": 30.86233377503381,
    "ready_queue_wait": 1340.4295708736297,
    "recompute_tokens": 14794,
    "region_utilization": 0.9325365499409333,
    "remote_kv_bytes": 187042652160.0,
    "slo_target": 40.04390735626222,
    "starvation_count": 0,
    "throughput": 0.26707285956981636,
    "total_sessions": 64
  },
  "best_trial_objective": 93.09076808672874,
  "train_instances": [
    "astropy__astropy-12907",
    "django__django-11848",
    "django__django-11999",
    "django__django-12308",
    "django__django-13028"
  ],
  "validation_instances": [
    "django__django-11815",
    "django__django-11964",
    "django__django-12125",
    "django__django-12708",
    "django__django-13033"
  ],
  "validation_p95_gain_over_acd_nisp": 0.11766193664335896,
  "validation_p95_gain_over_reactive": 0.11766193664335896,
  "validation_throughput_gain_over_reactive": 0.025145017320554307
}