critical_path_length,success_critical_path,first_success_branch,wasted_sibling_work_after_first_success,branch_join_wait,tool_blocked_duration,llm_duration,repeated_prefill_on_critical_path,branch_fanout
15.143598079681396,13.807382822036743,b2,9547,1.3362152576446533,43.24887466430664,11.14512300491333,51643,4
15.507542371749878,11.198133945465088,b0,16183,4.30940842628479,80.18151354789734,16.486069440841675,48051,8
67.94538378715515,47.66055727005005,b2,16250,20.284826517105103,212.07032942771912,8.141428470611572,22971,4
14.093708992004395,14.093708992004395,b2,0,0.0,41.00058841705322,5.797072410583496,4539,4
371.8286294937134,371.8286294937134,b1,0,0.0,738.7072415351868,2.870206117630005,2495,2
