{
  "decode_d": 0.008869173456600129,
  "decode_e": 2.051299304138938e-08,
  "interpolation_points": [],
  "measured": true,
  "mode": "parametric",
  "prefill_a": 3.796647028082324e-05,
  "prefill_b": 4.639056624116916e-10,
  "prefill_c": 0.028983342319953535,
  "quality": "PASS",
  "queue_factors": {
    "1": 1.0052694246269427,
    "16": 3.416872883888046,
    "2": 1.1927965825419755,
    "4": 1.4913890538918886,
    "8": 2.1617851561747488
  },
  "source": "data/profiles/h100_profile_raw_pr2_v2.csv"
}