{
  "branch_fanout": 4,
  "branch_join_wait": 3.408132791519165,
  "critical_path_length": 16.55701208114624,
  "first_success_branch": "b2",
  "llm_duration": 9.383479118347168,
  "repeated_prefill_on_critical_path": 996,
  "success_critical_path": 13.148879289627075,
  "tool_blocked_duration": 7.14255428314209,
  "wasted_sibling_work_after_first_success": 560
}