{
  "branch_fanout": 4,
  "branch_join_wait": 3.408665895462036,
  "critical_path_length": 16.578346252441406,
  "first_success_branch": "b2",
  "llm_duration": 9.394044637680054,
  "repeated_prefill_on_critical_path": 996,
  "success_critical_path": 13.16968035697937,
  "tool_blocked_duration": 7.144669055938721,
  "wasted_sibling_work_after_first_success": 560
}