{
  "branch_fanout": 4,
  "branch_join_wait": 3.398240804672241,
  "critical_path_length": 16.550913333892822,
  "first_success_branch": "b2",
  "llm_duration": 9.380088567733765,
  "repeated_prefill_on_critical_path": 996,
  "success_critical_path": 13.152672529220581,
  "tool_blocked_duration": 7.1392130851745605,
  "wasted_sibling_work_after_first_success": 560
}