{
  "branch_fanout": 4,
  "branch_join_wait": 3.4033362865448,
  "critical_path_length": 16.588934183120728,
  "first_success_branch": "b2",
  "llm_duration": 9.403985977172852,
  "repeated_prefill_on_critical_path": 996,
  "success_critical_path": 13.185597896575928,
  "tool_blocked_duration": 7.1372902393341064,
  "wasted_sibling_work_after_first_success": 560
}