{
  "branch_fanout": 4,
  "branch_join_wait": 3.380833387374878,
  "critical_path_length": 17.09692931175232,
  "first_success_branch": "b2",
  "llm_duration": 9.406512022018433,
  "repeated_prefill_on_critical_path": 996,
  "success_critical_path": 13.716095924377441,
  "tool_blocked_duration": 7.135178089141846,
  "wasted_sibling_work_after_first_success": 560
}