{
  "branch_fanout": 4,
  "branch_join_wait": 3.364898920059204,
  "critical_path_length": 16.550933122634888,
  "first_success_branch": "b2",
  "llm_duration": 9.388358354568481,
  "repeated_prefill_on_critical_path": 996,
  "success_critical_path": 13.186034202575684,
  "tool_blocked_duration": 7.1321775913238525,
  "wasted_sibling_work_after_first_success": 560
}