instance_id,branch_fanout,llm_events,tool_events,total_llm_latency,total_tool_latency,pseudo_success_branch
real_agentlike_0000,4,8,4,9.379795551300049,7.137632131576538,b2
real_agentlike_0001,4,8,4,9.387058973312378,7.1378889083862305,b2
real_agentlike_0002,4,8,4,9.388358354568481,7.1321775913238525,b2
real_agentlike_0003,4,8,4,9.387493371963501,7.136596202850342,b2
real_agentlike_0004,4,8,4,9.399657964706421,7.137454271316528,b2
