{
  "decode_d": 0.0015975835365255606,
  "decode_e": 0.0,
  "measured": true,
  "prefill_a": 0.0,
  "prefill_b": 1.025068725892562e-08,
  "prefill_c": 1.4968758244366935,
  "quality": "WARNING",
  "queue_factors": {
    "1": 0.9181133037054613,
    "16": 2.786740444251999,
    "2": 1.0755232272523778,
    "4": 1.3421009539057671,
    "8": 1.864460188777259
  },
  "source": "data/profiles/h100_profile_raw.csv"
}