{
  "branch_fanout": 4,
  "branch_join_wait": 5.208514213562012,
  "critical_path_length": 13.933326244354248,
  "first_success_branch": "b3",
  "llm_duration": 4.705713272094727,
  "repeated_prefill_on_critical_path": 12414,
  "success_critical_path": 8.724812030792236,
  "tool_blocked_duration": 35.84020185470581,
  "wasted_sibling_work_after_first_success": 0
}