{
  "branch_fanout": 4,
  "branch_join_wait": 3.3823773860931396,
  "critical_path_length": 16.55500555038452,
  "first_success_branch": "b2",
  "llm_duration": 9.387493371963501,
  "repeated_prefill_on_critical_path": 996,
  "success_critical_path": 13.172628164291382,
  "tool_blocked_duration": 7.136596202850342,
  "wasted_sibling_work_after_first_success": 560
}