{
  "branch_fanout": 4,
  "branch_join_wait": 3.385112762451172,
  "critical_path_length": 16.557453393936157,
  "first_success_branch": "b2",
  "llm_duration": 9.387058973312378,
  "repeated_prefill_on_critical_path": 996,
  "success_critical_path": 13.172340631484985,
  "tool_blocked_duration": 7.1378889083862305,
  "wasted_sibling_work_after_first_success": 560
}