{
  "branch_fanout": 4,
  "branch_join_wait": 3.3813893795013428,
  "critical_path_length": 16.567434072494507,
  "first_success_branch": "b2",
  "llm_duration": 9.399657964706421,
  "repeated_prefill_on_critical_path": 996,
  "success_critical_path": 13.186044692993164,
  "tool_blocked_duration": 7.137454271316528,
  "wasted_sibling_work_after_first_success": 560
}