{
  "branch_fanout": 4,
  "branch_join_wait": 3.380995273590088,
  "critical_path_length": 17.133445739746094,
  "first_success_branch": "b2",
  "llm_duration": 9.379795551300049,
  "repeated_prefill_on_critical_path": 996,
  "success_critical_path": 13.752450466156006,
  "tool_blocked_duration": 7.137632131576538,
  "wasted_sibling_work_after_first_success": 560
}